gen,act
58.89,71.59
53.449999999999996,75.98
52.480000000000004,60.38
54.53,66.22
54.949999999999996,81.08999999999999
55.769999999999996,67.58999999999999
